{"approvals": [{"state": "approved", "submissionObject": "public_audience_request", "submissionId": 951360, "submissionDetails": {"permissionType": "READ"}, "submitter": {"displayName": "cocadmin", "id": "scy9-9wg4"}, "submittedAt": 1545326805, "reviewedAutomatically": true, "submissionOutcome": "change_audience", "workflowId": 2226, "reviewedAt": 1545326805, "submissionOutcomeApplication": {"failureCount": 0, "status": "success"}}], "description": "All vendor payments made by the City of Chicago from 1996 to present. Payments from 1996 through 2002 have been rolled-up and appear as \"2002.\" Total payment information is summarized for each vendor and contract number for data older than two years. These data are extracted from the City\u2019s Vendor, Contract, and Payment Search.\r\n\r\nTime Period: 1996 to present.\r\n\r\nFrequency: Data is updated daily.\r\n\r\nRelated Applications: City of Chicago Vendor, Contract, and Payments Search (http://webapps.cityofchicago.org/VCSearchWeb/org/cityofchicago/vcsearch/controller/payments/begin.do?agencyId=city).", "grants": [{"flags": ["public"], "inherited": false, "type": "viewer"}], "attributionLink": "http://www.cityofchicago.org", "publicationDate": 1545326805, "newBackend": true, "metadata": {"rdfSubject": "0", "rdfClass": "", "custom_fields": {"Metadata": {"Frequency": "Data is updated daily", "Time Period": "1996 to present", "Data Owner": "Finance"}}, "availableDisplayTypes": ["table", "fatrow", "page"]}, "rowsUpdatedAt": 1575538338, "averageRating": 0, "tableId": 15796380, "displayType": "table", "rowClass": "", "createdAt": 1317369878, "oid": 30416782, "tableAuthor": {"userSegment": "site_member", "flags": ["mayBeStoriesCoOwner"], "profileImageUrlLarge": "/api/users/scy9-9wg4/profile_images/LARGE", "screenName": "cocadmin", "displayName": "cocadmin", "profileImageUrlSmall": "/api/users/scy9-9wg4/profile_images/TINY", "type": "interactive", "profileImageUrlMedium": "/api/users/scy9-9wg4/profile_images/THUMB", "id": "scy9-9wg4"}, "viewLastModified": 1568237322, "viewType": "tabular", "columns": [{"tableColumnId": 1293935, "renderTypeName": "text", "dataTypeName": "text", "name": "VOUCHER NUMBER", "format": {"align": "left"}, "width": 127, "cachedContents": {"top": [{"count": "18016", "item": "PVRF182700004"}, {"count": "17960", "item": "PVRF182700005"}, {"count": "17955", "item": "PVRF182700008"}, {"count": "17932", "item": "PVRF1827000001"}, {"count": "17907", "item": "PVRF182700007"}, {"count": "17886", "item": "PVRF182700009"}, {"count": "17848", "item": "PVRF182700003"}, {"count": "17835", "item": "PVRF182700010"}, {"count": "17805", "item": "PVRF182700002"}, {"count": "17791", "item": "PVRF182700006"}, {"count": "17754", "item": "PVRF182700011"}, {"count": "17737", "item": "PVRF182700012"}, {"count": "17594", "item": "PVRF182700014"}, {"count": "17499", "item": "PVRF182700015"}, {"count": "17445", "item": "PVRF182700013"}, {"count": "17386", "item": "PVRF182700016"}, {"count": "17254", "item": "PVRF182700018"}, {"count": "17179", "item": "PVRF182700017"}, {"count": "17051", "item": "PVRF182700019"}, {"count": "13761", "item": "Multiple"}], "not_null": "673422", "cardinality": "267066", "largest": "PVTX180500001", "null": "154214", "smallest": "CV41164101181", "non_null": "675524"}, "position": 1, "fieldName": "voucher_number", "id": 388684930}, {"tableColumnId": 1462736, "renderTypeName": "number", "dataTypeName": "number", "name": "AMOUNT", "format": {"currencyStyle": "USD", "precisionStyle": "standard", "noCommas": "false", "precision": "2", "align": "right"}, "width": 107, "cachedContents": {"top": [{"count": "155513", "item": "14.57"}, {"count": "79088", "item": "29.14"}, {"count": "35040", "item": "35.55"}, {"count": "10312", "item": "50"}, {"count": "10247", "item": "43.71"}, {"count": "10160", "item": "200"}, {"count": "8619", "item": "58.28"}, {"count": "7647", "item": "71.1"}, {"count": "7174", "item": "100"}, {"count": "5252", "item": "19.7"}, {"count": "4478", "item": "64.69"}, {"count": "4360", "item": "450"}, {"count": "3556", "item": "5.1"}, {"count": "3480", "item": "225"}, {"count": "3020", "item": "50.12"}, {"count": "2680", "item": "150"}, {"count": "2505", "item": "250"}, {"count": "2352", "item": "1000"}, {"count": "2301", "item": "106.65"}, {"count": "2263", "item": "32.35"}], "not_null": "827616", "cardinality": "233031", "largest": "1151243536.68", "null": "0", "smallest": "-371964.79", "non_null": "829738"}, "position": 3, "fieldName": "amount", "id": 388684931}, {"tableColumnId": 1300991, "description": "", "renderTypeName": "text", "dataTypeName": "text", "name": "CHECK DATE", "format": {}, "width": 88, "cachedContents": {"top": [{"count": "89793", "item": "08/31/2018"}, {"count": "53947", "item": "09/05/2018"}, {"count": "52041", "item": "09/11/2018"}, {"count": "35634", "item": "09/06/2018"}, {"count": "35596", "item": "09/04/2018"}, {"count": "35578", "item": "09/12/2018"}, {"count": "32801", "item": "09/13/2018"}, {"count": "29495", "item": "2002"}, {"count": "17884", "item": "09/10/2018"}, {"count": "17545", "item": "2017"}, {"count": "17543", "item": "2016"}, {"count": "11181", "item": "02/26/2019"}, {"count": "10961", "item": "03/25/2019"}, {"count": "10730", "item": "02/25/2019"}, {"count": "10570", "item": "2010"}, {"count": "9960", "item": "2015"}, {"count": "9851", "item": "2011"}, {"count": "9262", "item": "2012"}, {"count": "8967", "item": "2013"}, {"count": "8919", "item": "2014"}], "not_null": "827616", "cardinality": "501", "largest": "2017", "null": "0", "smallest": "01/02/2018", "non_null": "829738"}, "position": 4, "fieldName": "check_date", "id": 388684932}, {"tableColumnId": 1293938, "renderTypeName": "text", "dataTypeName": "text", "name": "DEPARTMENT NAME", "format": {}, "width": 304, "cachedContents": {"top": [{"count": "32386", "item": "DEPT OF FAMILY AND SUPPORT SERVICES"}, {"count": "18152", "item": "DEPT OF GENERAL SERVICES"}, {"count": "14964", "item": "CHICAGO DEPARTMENT OF TRANSPORTATION"}, {"count": "13549", "item": "DEPT OF AVIATION"}, {"count": "12213", "item": "DEPARTMENT OF WATER MANAGEMENT"}, {"count": "8908", "item": "DEPARTMENT OF HEALTH"}, {"count": "7888", "item": "DEPT OF COMMUNITY DEVELOPMENT"}, {"count": "7677", "item": "DEPARTMENT OF BUILDINGS"}, {"count": "7323", "item": "DEPARTMENT OF HUMAN SERVICES"}, {"count": "6911", "item": "DEPT OF FLEET MGMT"}, {"count": "5896", "item": "DEPT OF BUSINESS & INFORMATION SERVICES"}, {"count": "4877", "item": "DEPT OF STREETS & SANITATION"}, {"count": "3878", "item": "PLANNING & DEVELOPMENT"}, {"count": "3843", "item": "CHICAGO PUBLIC LIBRARY"}, {"count": "3630", "item": "DEPARTMENT OF POLICE"}, {"count": "3520", "item": "FIRE DEPARTMENT"}, {"count": "3379", "item": "DEPARTMENT OF CULTURAL AFFAIRS"}, {"count": "2882", "item": "DEPARTMENT OF HOUSING"}, {"count": "2328", "item": "DEPT OF BUSINESS AFFAIRS & CONSUMER PROTECTION"}, {"count": "2300", "item": "MAYORS OFFICE OF WORKFORCE DEVELOPMENT"}], "not_null": "181880", "cardinality": "53", "largest": "POLICE BOARD", "null": "646741", "smallest": "ADMINISTRATIVE ADJUDICATION", "non_null": "182997"}, "position": 5, "fieldName": "department_name", "id": 388684933}, {"tableColumnId": 1293942, "description": "DV indicates Direct Voucher. Direct Vouchers are used to pay for miscellaneous products and services that are not associated with a signed contract between the City and the Payee. Examples include debt service, utilities, third party payroll expenditures, court and legal settlements, and small payments such as travel reimbursements.", "renderTypeName": "text", "dataTypeName": "text", "name": "CONTRACT NUMBER", "format": {}, "width": 131, "cachedContents": {"top": [{"count": "584114", "item": "DV"}, {"count": "6519", "item": "33233"}, {"count": "2089", "item": "19393"}, {"count": "1886", "item": "28775"}, {"count": "1021", "item": "24027"}, {"count": "941", "item": "33232"}, {"count": "910", "item": "47144"}, {"count": "852", "item": "28295"}, {"count": "823", "item": "30545"}, {"count": "766", "item": "20293"}, {"count": "734", "item": "28296"}, {"count": "732", "item": "28364"}, {"count": "726", "item": "30871"}, {"count": "689", "item": "51904"}, {"count": "679", "item": "75071"}, {"count": "666", "item": "74381"}, {"count": "609", "item": "30014"}, {"count": "592", "item": "19755"}, {"count": "590", "item": "24835"}, {"count": "588", "item": "29859"}], "not_null": "827616", "cardinality": "77979", "largest": "Z952390273C", "null": "0", "smallest": "10", "non_null": "829738"}, "position": 6, "fieldName": "contract_number", "id": 388684934}, {"tableColumnId": 1293941, "renderTypeName": "text", "dataTypeName": "text", "name": "VENDOR NAME", "format": {}, "width": 361, "cachedContents": {"top": [{"count": "6896", "item": "OFFICE DEPOT, INC."}, {"count": "3033", "item": "HEKTOEN INSTITUTE FOR MEDICAL RESEARCH LLC."}, {"count": "2526", "item": "AT&T CORP"}, {"count": "2403", "item": "CHICAGO UNITED INDUSTRIES, LIMITED"}, {"count": "2196", "item": "INGRAM LIBRARY SERVICES, INC"}, {"count": "2078", "item": "ROOT BROTHERS.MANUFACTURING & SUPPLY CO."}, {"count": "1960", "item": "METROPOLITAN FAMILY SERVICE"}, {"count": "1905", "item": "JOHNSON PIPE & SUPPLY COMPANY INC"}, {"count": "1696", "item": "G & V CONSTRUCTION CO INC"}, {"count": "1432", "item": "OAKK CONSTRUCTION COMPANY, INC"}, {"count": "1347", "item": "HERTZ VEHICLES LLC"}, {"count": "1177", "item": "WHEELS LT"}, {"count": "1136", "item": "KENNY CONSTRUCTION COMPANY"}, {"count": "1131", "item": "MCDONAGH DEMOLITION, INC."}, {"count": "1088", "item": "CDW GOVERNMENT, LLC."}, {"count": "1068", "item": "MSC INDUSTRIAL SUPPLY CO"}, {"count": "1064", "item": "CANON SOLUTIONS AMERICA INC"}, {"count": "1058", "item": "DELTA DEMOLITION, INC"}, {"count": "1048", "item": "HERC RENTALS INC"}, {"count": "1017", "item": "RENTAL CAR FINANCE CORP"}], "not_null": "827616", "cardinality": "349756", "largest": "ZYSMAN, MILDRED J", "null": "0", "smallest": "008 DIST STEERING COMMITTEE", "non_null": "829738"}, "position": 7, "fieldName": "vendor_name", "id": 388684935}, {"tableColumnId": 74720243, "description": "Whether the check has been cashed.", "renderTypeName": "checkbox", "dataTypeName": "checkbox", "name": "CASHED", "format": {"displayStyle": "yesno"}, "cachedContents": {"top": [{"count": "800416", "item": true}, {"count": "15561", "item": false}], "null": "13761", "not_null": "813967", "cardinality": "2", "non_null": "815977"}, "position": 8, "fieldName": "cashed", "id": 388684936}], "totalTimesRated": 0, "owner": {"userSegment": "site_member", "flags": ["mayBeStoriesCoOwner"], "profileImageUrlLarge": "/api/users/scy9-9wg4/profile_images/LARGE", "screenName": "cocadmin", "displayName": "cocadmin", "profileImageUrlSmall": "/api/users/scy9-9wg4/profile_images/TINY", "type": "interactive", "profileImageUrlMedium": "/api/users/scy9-9wg4/profile_images/THUMB", "id": "scy9-9wg4"}, "rowsUpdatedBy": "n9j5-zhen", "flags": ["default", "restorable", "restorePossibleForType"], "viewCount": 54216, "publicationStage": "published", "hideFromDataJson": false, "rights": ["read"], "provenance": "official", "query": {}, "id": "s4vu-giwb", "downloadCount": 14294, "hideFromCatalog": false, "category": "Administration & Finance", "tags": ["payments", "vendors"], "name": "Payments", "publicationAppendEnabled": false, "attribution": "City of Chicago", "numberOfComments": 0, "publicationGroup": 215792}